","
"."
"das"
"die"
"der"
"und"
"des"
"ist"
"in"
"als"
"wir"
"im"
"werk"
"dem"
"sich"
"ein"
"wahrheit"
"es"
"nicht"
"zu"
"sie"
"den"
"was"
"aber"
"nur"
"so"
"von"
"dieses"
"eine"
"?"
"wesen"
"kunst"
"aus"
"daß"
"seienden"
"auf"
"selbst"
"wird"
"wie"
"uns"
"ding"
"werkes"
"sein"
"wenn"
"auch"
"welt"
"erde"
"mit"
"noch"
"zum"
"seiende"
":"
"durch"
"sind"
"am"
"erst"
"dann"
"sondern"
"hier"
"einer"
"werden"
"diese"
"an"
"weise"
"dieser"
"um"
"für"
"zeug"
"nach"
"dinges"
"zur"
"vom"
"doch"
"sei"
"dinge"
"hat"
"oder"
"unverborgenheit"
"kann"
"schon"
"eines"
"wert"
"alles"
"ins"
"weil"
"nichts"
"seinem"
"ihr"
"jenes"
"wissen"
"denken"
";"
"geschieht"
"zeuges"
"offene"
"stoff"
"muß"
"sinne"
"zugleich"
"-"
"zwar"
"solches"
"läßt"
"einen"
"immer"
"bleibt"
"über"
"steht"
"er"
"dinghafte"
"werke"
"ursprung"
"form"
"einem"
"frage"
"dies"
"soll"
"``"
"kommt"
"wort"
"''"
"d."
"seiner"
"jetzt"
"man"
"kunstwerk"
"h."
"streit"
"etwas"
"lichtung"
"heißt"
"nie"
"indem"
"denn"
"gehört"
"jedoch"
"vor"
"wirklichkeit"
"diesem"
"je"
"offenheit"
"deshalb"
"mehr"
"sagen"
"west"
"dinghaften"
"besteht"
"werksein"
"dichtung"
"geschaffensein"
"seiendes"
"riß"
"haben"
"her"
"ihre"
"fragen"
"künstler"
"sagt"
"gilt"
"müssen"
"allein"
"geschehen"
"meint"
"gestalt"
"sprache"
"gibt"
"art"
"solche"
"damit"
"bloßen"
"bestimmung"
"wieder"
"verbergung"
"andere"
"ihm"
"auslegung"
"("
"ob"
"ihrer"
"worin"
"schaffen"
"bringen"
")"
"gesetzt"
"dingheit"
"ihrem"
"kunstwerkes"
"dagegen"
"wesens"
"streites"
"wertes"
"zeigt"
"wo"
"können"
"anderes"
"sogar"
"ruhe"
"bei"
"bewahrung"
"erfahren"
"da"
"geschichte"
"dienlichkeit"
"stein"
"diesen"
"wirklich"
"zwischen"
"bestimmt"
"nennen"
"geschehnis"
"seine"
"ohne"
"eigens"
"kein"
"ganzen"
"dessen"
"offenen"
"lassen"
"niemals"
"weg"
"seit"
"gedacht"
"mag"
"fassen"
"liegt"
"menschen"
"sache"
"solange"
"bleiben"
"schuhe"
"satz"
"seins"
"bloße"
"einheit"
"zeugsein"
"genannten"
"einmal"
"unter"
"alle"
"bringt"
"stiftung"
"ihnen"
"vorhandenen"
"seines"
"hält"
"vielmehr"
"zuvor"
"tempel"
"jene"
"gott"
"bewahrenden"
"nennt"
"dabei"
"wurde"
"anfertigung"
"zunächst"
"inmitten"
"anfang"
"namen"
"gemälde"
"gar"
"geläufigen"
"stellt"
"suchen"
"grund"
"wesentlichen"
"ebenso"
"machen"
"griechischen"
"dingbegriff"
"nötig"
"aufstellung"
"hervorbringen"
"überhaupt"
"scheint"
"eher"
"philosophie"
"vielleicht"
"z."
"jener"
"meinen"
"b."
"gegenstand"
"voraus"
"stehen"
"gewiß"
"griechen"
"gründet"
"anders"
"finden"
"nämlich"
"einfach"
"weder"
"verläßlichkeit"
"weisen"
"freilich"
"werken"
"mensch"
"unserem"
"wesentliche"
"jenem"
"bezug"
"daher"
"dazu"
"sehen"
"keine"
"hören"
"ästhetik"
"maß"
"sogleich"
"gehen"
"jedes"
"versuchen"
"schaffens"
"dingen"
"wäre"
"entscheidung"
"wollen"
"geschichtlichen"
"blick"
"paar"
"van"
"deren"
"bereich"
"anderen"
"werde"
"offenbar"
"auslegungen"
"nun"
"all"
"bewegung"
"eröffnet"
"gegen"
"merkmale"
"nehmen"
"dadurch"
"τέχνη"
"geht"
"tun"
"wirklichen"
"gewöhnlich"
"dennoch"
"geschehenden"
"setzt"
"zeughafte"
"also"
"leuchten"
"dafür"
"gebracht"
"schuhzeug"
"kommen"
"gehören"
"anwesen"
"könnte"
"macht"
"bäuerin"
"bauernschuhe"
"keineswegs"
"heraus"
"grunde"
"bauwerk"
"handwerk"
"eröffnung"
"jedem"
"genannt"
"dingbegriffe"
"welches"
"schönheit"
"zeugseins"
"natur"
"sonst"
"hinweis"
"sollen"
"langem"
"nimmt"
"unser"
"entwurf"
"kunstwerke"
"künstlers"
"daran"
"volkes"
"nähe"
"allen"
"weite"
"herkunft"
"inwiefern"
"brunnen"
"gerade"
"stoß"
"erscheinen"
"wesenhaft"
"begreifen"
"seinen"
"gleichwohl"
"werkhaften"
"geschichtlich"
"ständig"
"bestimmen"
"bisher"
"schaffenden"
"zeughaften"
"allerdings"
"sich-ins-werk-setzen"
"handwerkliche"
"poesie"
"bestreitung"
"welchen"
"einfachen"
"unmittelbar"
"ins-werk-setzen"
"offen"
"ihres"
"entspricht"
"fast"
"bedenken"
"richtigkeit"
"hinaus"
"solchen"
"fällt"
"solcher"
"herrschaft"
"wesentlicher"
"richtet"
"eigenen"
"gottes"
"sichtbar"
"dingliche"
"sofern"
"bestimmungen"
"bedeutet"
"beruht"
"spruch"
"erlebnis"
"insofern"
"stellen"
"dahin"
"geworden"
"unterschied"
"umkreis"
"ab"
"zeit"
"zusammen"
"wirkliche"
"war"
"nahe"
"hinblick"
"eigenschaften"
"erscheint"
"besonderen"
"solchem"
"vorgang"
"trägt"
"möchte"
"vorstellen"
"heute"
"insichstehen"
"sammlung"
"kennzeichnung"
"schöne"
"wissens"
"wahren"
"dort"
"darin"
"wesentlich"
"kraft"
"verhalten"
"brauchen"
"versagen"
"bloß"
"fügt"
"eigentlichen"
"empfindungen"
"verlangt"
"farbe"
"dasein"
"bau"
"erstritten"
"demzufolge"
"geschaffene"
"wenig"
"ihren"
"gebrauch"
"axt"
"άλήθεια"
"zeigen"
"goghs"
"zurückstellt"
"sprachwerk"
"kennen"
"wohl"
"bahnen"
"verstehen"
"warum"
"schwere"
"waltet"
"werkhafte"
"verweigern"
"jeweils"
"umgekehrt"
"gebrauchsdinge"
"jedermann"
"tat"
"nächsten"
"bis"
"erkenntnis"
"gelangt"
"gewöhnlichen"
"ganze"
"denkens"
"verbergen"
"jede"
"träger"
"aufstellen"
"weiter"
"ihn"
"unterbau"
"gebraucht"
"deutlicher"
"vorschein"
"nannten"
"gewohnten"
"krug"
"geben"
"höchsten"
"verbraucht"
"dergestalt"
"bezirk"
"wodurch"
"vollends"
"aufgabe"
"scheinen"
"umriß"
"öffnet"
"genug"
"gelten"
"schwer"
"maßgebende"
"stätte"
"jeder"
"rückt"
"eigene"
"gestellt"
"holz"
"stoff-form-gefüge"
"einige"
"wer"
"hervorkommen"
"betrachtung"
"hilfe"
"innerhalb"
"unterscheidung"
"außerdem"
"spielraum"
"weiß"
"würde"
"innigkeit"
"wonach"
"leicht"
"halb"
"unverborgenen"
"herstellen"
"möglichkeit"
"ursprüngliche"
"einrichtet"
"verschlossene"
"näher"
"dasselbe"
"feld"
"ruht"
"werkseins"
"dergleichen"
"bezüge"
"subjekt"
"zug"
"aller"
"wahr"
"schenkung"
"einfacher"
"folge"
"einfache"
"setzen"
"werte"
"geschehens"
"sehr"
"wohin"
"künste"
"glanz"
"vernehmen"
"darum"
"dingsein"
"glauben"
"schuhzeuges"
"weiten"
"zuerst"
"letzten"
"steckt"
"gleichsam"
"könnten"
"geschaffenseins"
"werkschaffen"
"findet"
"antwort"
"verbirgt"
"erste"
"herstellung"
"stiften"
"bekannte"
"tann"
"bedarf"
"übersetzung"
"spricht"
"gesagt"
"vorhinein"
"wissenschaft"
"sowohl"
"tätigkeit"
"sollte"
"anschein"
"gemacht"
"hereinsteht"
"wege"
"beruhen"
"will"
"echte"
"tritt"
"vorstellung"
"aussieht"
"vermeiden"
"daseins"
"fels"
"halten"
"natürlich"
"fragestellung"
"verstellen"
"begegnen"
"längst"
"heißen"
"sichverschließende"
"zugehörigkeit"
"meinung"
"streitenden"
"rätsel"
"zumal"
"bild"
"versuch"
"sage"
"weshalb"
"geschichtliches"
"beider"
"bewegtheit"
"neben"
"anderer"
"gelichteten"
"anwesende"
"insichruhen"
"weniger"
"wenngleich"
"verborgene"
"un"
"granitblock"
"wesenszüge"
"wink"
"vorgestellt"
"hinter"
"unmittelbare"
"führt"
"aufgehen"
"schlechthin"
"feststellen"
"="
"satzes"
"wozu"
"weihen"
"untergebracht"
"wesenhaften"
"volk"
"unvermittelte"
"entlassen"
"errichtung"
"wahres"
"gogh"
"leistung"
"beiden"
"höchste"
"stelle"
"gemäß"
"ens"
"richtigen"
"künstlerische"
"mitte"
"seiender"
"mittelalter"
"irgendwo"
"recht"
"richtig"
"bewegen"
"gehalten"
"vorhanden"
"fertigsein"
"innestehen"
"rede"
"urstreit"
"entzieht"
"allem"
"sprung"
"großen"
"herstellend"
"bisherige"
"abendländische"
"verwandelt"
"weit"
"verschwindet"
"gesetz"
"heiligen"
"anscheinend"
"eigentümliche"
"kampf"
"möchten"
"kunstgenuß"
"überlieferten"
"raum"
"geheuer"
"seinsart"
"gewöhnliche"
"verlauf"
"denen"
"steins"
"aufstellend"
"neue"
"gedicht"
"schaffende"
"stoffes"
"welcher"
"leitfaden"
"satzbau"
"verwendung"
"ende"
"sturm"
"beide"
"geschichtliche"
"lichtet"
"einrichtung"
"leeren"
"woher"
"un-wahrheit"
"ragt"
"wortes"
"quelle"
"erzeugnis"
"darüber"
"handwerklichen"
"verborgenheit"
"zwei"
"abendländischen"
"jegliches"
"beschreibung"
"scheinbar"
"ganz"
"anwesenden"
"zurück"
"segen"
"hegels"
"fortan"
"schein"
"gewöhnlichkeit"
"gegenstände"
"reißen"
"gedrängten"
"rücken"
"gut"
"dichter"
"greift"
"grenze"
"tragen"
"unmittelbaren"
"tod"
"aufstellt"
"vorsprung"
"dastehen"
"vorkommt"
"gründen"
"wiederum"
"existenz"
"nächste"
"üblich"
"götter"
"tatsache"
"aufgeht"
"begriff"
"werkstoff"
"ständige"
"festgestellt"
"diejenige"
"unserer"
"vermutlich"
"eröffnete"
"hervorgebrachten"
"eigentlich"
"ursprünglich"
"wahrhaft"
"erfahrung"
"wahre"
"bekannt"
"gegenwendige"
"pflanze"
"sobald"
"tier"
"treffen"
"vorhaben"
"seite"
"braucht"
"dingauslegung"
"zwischenstellung"
"hinreichend"
"jedesmal"
"dastehend"
"enthält"
"dingbau"
"versagt"
"griechischer"
"wiedergabe"
"hervor"
"welchem"
"wiedergegeben"
"griechische"
"merkmalen"
"einigen"
"spiel"
"während"
"fallen"
"geschah"
"geburt"
"reine"
"wertsein"
"entwerfende"
"gegeneinander"
"gründung"
"weitet"
"reicht"
"ansehen"
"ton"
"andrang"
"μορφή"
"verborgen"
"waltende"
"ständigen"
"vermag"
"hervorbringung"
"stand"
"allgemeinen"
"schönen"
"seltsame"
"geläufige"
"bestimmten"
"geläufig"
"vieles"
"fordert"
"seiend"
"her-stellen"
"dichtende"
"kennzeichnen"
"rechten"
"römische"
"fülle"
"reiner"
"vordergründigen"
"gefühl"
"allzuleicht"
"zirkel"
"ableitung"
"fordern"
"hervorgebrachtsein"
"beobachten"
"jeden"
"ΰλη"
"ferne"
"entnehmen"
"prädikat"
"verhülltes"
"ungeheuren"
"dasjenige"
"zurückhält"
"bezügen"
"versichern"
"einrichten"
"entworfen"
"selbstverständlich"
"besinnung"
"zuletzt"
"mangel"
"anderem"
"gedrängte"
"subjektes"
"ersehen"
"bloßes"
"dient"
"römischen"
"erhaltung"
"woran"
"geheure"
"bildet"
"darnach"
"begründet"
"benennung"
"nüchterne"
"fluch"
"deutlich"
"schritt"
"eindringen"
"gegenteil"
"vertraut"
"wesensbestimmung"
"behauptung"
"lediglich"
"wasser"
"ergibt"
"mittelalterlich"
"mannigfaltigkeit"
"waren"
"übersetzen"
"greifen"
"ansprechen"
"erstmals"
"ungefügen"
"roh"
"ewigkeitswert"
"eröffnimg"
"gegensatz"
"vollbringt"
"härte"
"offenbart"
"ausweitung"
"ständiges"
"vergessen"
"sichverschließendes"
"sammlungen"
"schöpferische"
"bestimmte"
"beziehung"
"scheuen"
"ent-schlossenheit"
"unversehens"
"erstellung"
"hineingeschaffen"
"ehesten"
"einzelne"
"schwingt"
"sammelvorstellung"
"hölderlins"
"zwiefache"
"glaubens"
"gefallen"
"dumpfe"
"herstellt"
"versammelt"
"gold"
"einzurichten"
"ort"
"besetzen"
"herum"
"reichen"
"widerstand"
"geschaffenen"
"genommen"
"gefügte"
"zeichnet"
"bewahren"
"lateinische"
"anmessung"
"eigentlicher"
"folgen"
"akzidenzien"
"φύσις"
"redet"
"langsam"
"zweck"
"indessen"
"dienen"
"aufgehende"
"not"
"wesensherkunft"
"erkennen"
"wählen"
"offenkundig"
"hin"
"jederzeit"
"mögen"
"gewalt"
"kenntnis"
"schärfe"
"umgebung"
"uberlieferung"
"ir-rationalen"
"anwesenheit"
"unverborgen"
"abbild"
"geflohen"
"unbestimmte"
"gesicht"
"bereits"
"ungewohnte"
"verbergens"
"gegebenen"
"dinghaftes"
"rühmen"
"wesenszug"
"erschöpft"
"gewordene"
"abend"
"verfassung"
"trachtet"
"wollten"
"wesenszügen"
"einschließt"
"paßt"
"allererst"
"überdies"
"gelingt"
"vorgriff"
"aussage"
"zusammenbringen"
"voraussetzung"
"nachgehen"
"mußte"
"angebracht"
"mühen"
"beginnt"
"somit"
"unsterblichen"
"meister"
"gefunden"
"harten"
"groß"
"belegen"
"freie"
"statt"
"schiebt"
"äußerlichen"
"gegenwendigen"
"selbstbehauptung"
"zieht"
"welche"
"endlich"
"herausgerissen"
"tragende"
"bekunden"
"umweg"
"farben"
"handwerker"
"leib"
"übergriffe"
"beschreiben"
"hand"
"holzes"
"begriffspaar"
"entspringen"
"eigenste"
"verfehlen"
"entsteht"
"inständigkeit"
"hammer"
"antworten"
"aufsuchen"
"hätten"
"actualitas"
"wirtliche"
"geformter"
"verfertigen"
"vorstellens"
"tein"
"schuh"
"worauf"
"aufdringliche"
"aufgezählte"
"zugänglich"
"entwerfen"
"vorliegenden"
"entscheidungen"
"leere"
"notwendigkeit"
"engeren"
"überfall"
"entsprechen"
"verströmen"
"führen"
"stoßen"
"bislang"
"übereinstimmen"
"lichte"
"sichverschließenden"
"tages"
"schafft"
"äußerste"
"himmel"
"dunklen"
"herab"
"wenigstens"
"ruhen"
"wirtlichteit"
"menschentum"
"andranges"
"vorrang"
"vorhandener"
"teils"
"glanzes"
"tag"
"holen"
"geradezu"
"bilde"
"vorgestellte"
"woraus"
"unbestimmt"
"dinglichen"
"wörter"
"gegenwendigkeit"
"entscheiden"
"geräumigkeit"
"vorstellt"
"schließlich"
"langen"
"ergebnis"
"geworfen"
"tempels"
"dunkle"
"verschiedener"
"strömt"
"wörtern"
"bleibe"
"beliebigen"
"vorstellungen"
"herrschenden"
"gelichtete"
"leichter"
"zugrunde"
"sowenig"
"gesetzten"
"erzwingen"
"geformten"
"instand"
"forma"
"eigenwüchsige"
"uberfall"
"ereignet"
"überflüssig"
"lösen"
"bisherigen"
"wirkliches"
"falls"
"entschiedenheit"
"klar"
"bald"
"dürfen"
"verschlossen"
"begriffe"
"daraus"
"genau"
"betrachten"
"dichterisch"
"haftet"
"sätzen"
"gab"
"verschieden"
"symbol"
"entzogen"
"sinnen"
"dritte"
"heimisch"
"durchgängig"
"darauf"
"pflege"
"tragödie"
"wohnen"
"allegorie"
"verschließenden"
"un-geheure"
"charakter"
"ursprünglicheren"
"gerät"
"gewesenen"
"licht"
"dreifachen"
"bergende"
"ausstellung"
"darstellt"
"gleich"
"grundriß"
"öffnung"
"zustand"
"ankommt"
"bedingungen"
"ausgezeichnete"
"anzeigen"
"durchgang"
"fest"
"soeben"
"geschaffensem"
"zweiten"
"veranschaulichung"
"hervorgebrachtes"
"zerstörung"
"abgelesen"
"genügt"
"ästhetische"
"jemals"
"rückgängig"
"durchragt"
"gras"
"verschiedensten"
"verödung"
"gleicher"
"hymne"
"absehen"
"kreise"
"acker"
"darein"
"irgendwie"
"erdscholle"
"demnach"
"leisten"
"1"
"geschickes"
"schnitzwerk"
"gegenüber"
"summe"
"bewahrende"
"aufruhen"
"vermögen"
"bewahrt"
"dargestellt"
"beständigkeit"
"genommenen"
"stoff-form-gefüges"
"denkweisen"
"rein"
"auseinander"
"εΐδος"
"lange"
"erschüttert"
"vorhandenes"
"anordnung"
"neuzeit"
"massige"
"aktion"
"seien"
"opfer"
"jeweilige"
"altersher"
"denten"
"öffentlichen"
"viel"
"bezuges"
"fraglich"
"wären"
"bekannten"
"gewinnen"
"farbige"
"brunnens"
"gelichtet"
"ausschließlichen"
"wegstellt"
"besetzt"
"wesensblick"
"sorgfältige"
"gleichen"
"legen"
"treten"
"klingen"
"aufgehenden"
"kehrt"
"aussehen"
"objekt"
"möglich"
"sinnlichen"
"bisweilen"
"überall"
"schritte"
"entwurfes"
"weisungen"
"einzugehen"
"zugang"
"vollzogen"
"erneuerung"
"abarten"
"ankunft"
"hegel"
"ragen"
"endgültig"
"entgegnen"
"entrückt"
"ansammlung"
"zweite"
"stets"
"zweifelhaft"
"schätzen"
"erinnerung"
"geschaffen"
"sätze"
"gewißheit"
"ansicht"
"dienst"
"gegenständlichkeit"
"keines"
"unmögliche"
"mißdeutet"
"gefaßt"
"hergestellt"
"inzwischen"
"gebrauchen"
"gegründet"
"kritischen"
"logik"
"ruhenden"
"bewegt"
"wandel"
"wechselbezug"
"vorhandene"
"bestimmungskraft"
"sieg"
"erneut"
"grunderfahrung"
"scheinens"
"abgemalt"
"einsamer"
"vollziehen"
"überlassen"
"zugeworfene"
"weniges"
"geräusche"
"dritten"
"vernehmbare"
"erleben"
"rationalen"
"eigenes"
"besinnen"
"bewahrens"
"wesenhafte"
"zwiefachen"
"drei"
"stößt"
"zuruf"
"einst"
"gewisser"
"nachträglich"
"kunstbetrieb"
"licihtung"
"leder"
"angefertigtes"
"gezüge"
"verhängnis"
"wenigen"
"flugzeug"
"ausstellungen"
"denkweise"
"existierenden"
"ubereinstimmung"
"stücke"
"griechisch"
"unmöglich"
"zeiten"
"allgemeine"
"junges"
"metaphysik"
"selbsttäuschung"
"unsere"
"absicht"
"er-richten"
"überlegungen"
"abendland"
"werksem"
"substanz"
"verschweben"
"ständigkeit"
"vorkomm"
"anfertigende"
"alltäglichen"
"vorbei"
"versetze"
"verleugnet"
"vorgezeichnet"
"gesprochen"
"zweideutig"
"wettgemacht"
"anstiftung"
"nichtaussetzen"
"dialektisch"
"gemeinsame"
"mitgegeben"
"wahrheitsbegriffe"
"verhängt"
"lobe"
"anwe"
"schwebt"
"grundzug"
"da-seins"
"aufgestellt"
"übernimmt"
"harte"
"umkehren"
"kennenlernen"
"gestreckten"
"rechnerisch"
"töne"
"besten"
"unheilig"
"zwiefacher"
"erlangte"
"bewenden"
"geschehene"
"selbstgenügsamkeit"
"mitgegebene"
"aufleuchtenden"
"anderswo"
"vormaligen"
"undurchführbar"
"bericht"
"lastens"
"gemeisterte"
"nähte"
"blickbahn"
"zudem"
"messend"
"schlagen"
"aussicht"
"vorstehenden"
"σύνολον"
"grundwortes"
"dom"
"angefertigt"
"sagten"
"..."
"worte"
"beziehungen"
"nötiger"
"anfertigen"
"sicherheit"
"erschließt"
"darstellens"
"menschenhand"
"spitzfindigkeit"
"umgestoßen"
"sichrichten"
"verwandtschaft"
"handwerkes"
"schreiners"
"blicten"
"würdigung"
"lastet"
"weggeleugnet"
"bestehen"
"ebensowenig"
"übergang"
"verschwiegene"
"leistende"
"wesenserfassung"
"ekstatische"
"geschehenlassen"
"wahrheitsgeschehens"
"feststellung"
"ειδος"
"schornstein"
"öffentlich"
"entwerfens"
"unsicheres"
"unterredung"
"tornister"
"habe"
"gegenfrage"
"vorbereitet"
"ungeprüften"
"reinsten"
"fremdartigen"
"vorlesungen"
"uberhaupt"
"mißdeutbaren"
"bühne"
"erlaubt"
"wunder"
"beethovens"
"strichen"
"sagens"
"vordrängten"
"blockes"
"verschiedenen"
"umgrenzung"
"zweideutige"
"demjenigen"
"mißlingen"
"auseinanderfaltet"
"inne"
"maler"
"ge-stell"
"quartette"
"schuten"
"erwirkung"
"weltentzug"
"wirklicher"
"nacht"
"entnehme"
"standes"
"überfällt"
"zurücknimmt"
"darzubieten"
"herausstehen"
"herrschend"
"befangenheit"
"angedeutete"
"hinausstehen"
"offener"
"stiftet"
"vorgreifende"
"gründens"
"anschauung"
"verabredung"
"1828/29"
"feste"
"vorhandenem"
"einheitliche"
"dienste"
"leibe"
"beschließt"
"setzens"
"zwang"
"unwesentliche"
"zeitloses"
"entstammen"
"blickes"
"musikwerk"
"zusammensteht"
"maßgebenden"
"selber"
"verwenden"
"thomistischen"
"vermerkt"
"entgegengesetzten"
"kirchen"
"einzubehalten"
"gemeintes"
"angeführt"
"schenkenden"
"gewichtes"
"kernhafte"
"schließt"
"angetan"
"niederlage"
"anfängt"
"aufbewahrung"
"fragt"
"angelegte"
"rauher"
"biegsame"
"wortgebrauches"
"titel"
"vorzustellen"
"früh"
"faden"
"baum"
"erleichtern"
"res"
"qualitäten"
"sicheres"
"vollenden"
"frugen"
"jenen"
"zerrt"
"sorgt"
"aufgehört"
"ausweichen"
"oberflächlich"
"leuchtet"
"gleichfalls"
"risses"
"übrigen"
"verschleiernd"
"bekommen"
"einrückung"
"συμβεβηκότα"
"naturdinge"
"gewohnheit"
"heiliges"
"wiederüberstehens"
"gesichtskreis"
"nehme"
"deutung"
"trügen"
"sterben"
"heilig"
"verändert"
"anstoß"
"ausdruck"
"mitgesetzt"
"umschlagen"
"nichtbewältigtes"
"erlebniserregers"
"anblickt"
"aufhellen"
"vergeht"
"weile"
"entgegenlastet"
"namensgerecht"
"technische"
"zeigte"
"entbergen"
"vorgehen"
"untüchtig"
"reden"
"sich-nicht-kennen"
"sinn"
"überkommenen"
"verteilung"
"gehoben"
"erweckt"
"erfüllten"
"hinüberträgt"
"bereitet"
"abschwört"
"brotes"
"erinnert"
"anvertraut"
"entleerung"
"ergab"
"imagination"
"abheben"
"spielarten"
"stumme"
"erz"
"insichstehens"
"verflechtung"
"nichttheoretischen"
"verschenken"
"gekoppelt"
"verlaufen"
"strittiger"
"herkunftsbereich"
"angefertigten"
"vormachen"
"übersprungen"
"wallend"
"behoben"
"tones"
"beruhenden"
"ungedacht"
"υλη"
"starres"
"unverstellten"
"gesichert"
"sichversagen"
"vermutet"
"teineswegs"
"ursprünglichste"
"voreilige"
"bekanntes"
"errichten"
"steigen"
"ratio"
"drittes"
"bereitung"
"primitiven"
"geglaubte"
"damals"
"entschieden"
"bedeutung"
"obzwar"
"schranken"
"reines"
"verwandeln"
"satte"
"stirbt"
"worein"
"wörtlich"
"gnaden"
"hinzunehmen"
"blind"
"eingebüßt"
"liege"
"ausgedehnt"
"verrät"
"hinzukommt"
"stilles"
"weihend-rühm"
"gekämpft"
"dingbegriffes"
"entgegen"
"begriffsspieles"
"eingeständnis"
"vermuteten"
"συμβάλλειν"
"bewirken"
"synthesis"
"versperren"
"bewußt"
"fem"
"baukunst"
"höheren"
"arbeitsschritte"
"feldweges"
"zweideutigkeit"
"aufnehmen"
"wollens"
"tiere"
"empfindungsmäßig"
"anstrengung"
"ereignete"
"berechnung"
"bewältigen"
"τά"
"schwingungszahlen"
"unmittelbarkeit"
"nachfragen"
"erreichte"
"zerfallen"
"c."
"begriffsmechanik"
"erfahrene"
"putzzeug"
"aufleben"
"versuchte"
"grenzfall"
"umdrohung"
"eigenwüchsigen"
"beibringen"
"dichten"
"auslösen"
"kennerischen"
"zurückübertragen"
"verstellens"
"aufgestoßen"
"umfassendsten"
"richtige"
"gießt"
"sinnlichkeit"
"vereinzelten"
"ungebrauchten"
"belegbar"
"dienliche"
"getrennt"
"verstanden"
"betreiben"
"ungedachtes"
"dichtenden"
"ursprunges"
"späten"
"greifbare"
"gesehen-haben"
"vernommene"
"kant"
"logische"
"sichere"
"gesteins"
"biegsames"
"seiendste"
"heutigentags"
"denkers"
"aufgehellten"
"behütet"
"ausgrenzens"
"menschsein"
"auseinandergelegt"
"verhindern"
"entweder-oder"
"feststellt"
"brauchbarkeit"
"sprachtunst"
"mittelbar"
"auffassung"
"waldlichtung"
"einbringt"
"ereignishafte"
"blieb"
"irgendwelche"
"abbilde"
"nachhilfe"
"wahrheitsbereiches"
"wirft"
"herein"
"abgespiegelt"
"schlimmste"
"geschlossene"
"abgelagerten"
"verständliche"
"gedeutet"
"abgehobene"
"streitig"
"dichtimg"
"festgelegt"
"hervorbringenkönnen"
"ohnmacht"
"einbehalten"
"jeweiligen"
"τεχνίτης"
"kunstschaffen"
"jäh"
"essentia"
"unbeachtet"
"sichgehörens"
"ausformende"
"ausstehen"
"nachmals"
"freude"
"öffnen"
"gewöhnliches"
"wachsen"
"fallend"
"entbehrt"
"zureichen"
"erdklumpen"
"ruhrgebiet"
"unerschütterte"
"της"
"strahl"
"sonstwo"
"völlig"
"echten"
"aufs"
"verkümmert"
"gelinge"
"jeweilig"
"heiße"
"freien"
"grob"
"untereinander"
"antrieb"
"bereiten"
"dahinter"
"trockenen"
"darbringen"
"mittel"
"angehenden"
"bekundet"
"matt"
"mühe"
"zuweisen"
"welten"
"lasse"
"auslauf"
"reize"
"maßen"
"selten"
"hervorkommend-bergende"
"bildwerke"
"verdanken"
"aufsammeln"
"unmittelbarer"
"innern"
"einrichtenden"
"konsistenz"
"seinscharakter"
"feig"
"schwund"
"tim"
"sagte"
"inniger"
"hereingerufen"
"feiertag"
"wesenswandel"
"adler"
"verfertigt"
"notbehelf"
"handelten"
"bamberger"
"kreis"
"übersehen"
"αισθητόν"
"abzugrenzen"
"vergangenen"
"bildhauers"
"dingbestimmung"
"technischwissenschaftlichen"
"deutschen"
"sein2"
"geltungsbereich"
"zahl"
"paestum"
"gewirktes"
"entbergung"
"erwies"
"werkwerden"
"festfeier"
"abnehmen"
"suchens"
"blitzen"
"eigenschaft"
"aufsammlimg"
"kleben"
"gelangen"
"kruges"
"anstiftimg"
"diejenigen"
"untergeht"
"vergegenständlichung"
"halt"
"entscheidet"
"aufgestaut"
"überdas"
"entstammt"
"öden"
"amtliche"
"versehen"
"zurückweicht"
"vernünftiger"
"anstrebenden"
"gewesen"
"untrüglicher"
"abwehr"
"gering"
"besser"
"inwieweit"
"άγορεύει"
"denversuch"
"verursacht"
"genanntenversuche"
"doppelgestalt"
"einklang"
"änderung"
"aufgewogen"
"denkungsart"
"abbildverhältnis"
"gattungs"
"milch"
"keller"
"anmaßung"
"vermeidung"
"vernutzte"
"unseren"
"kunstbetriebes"
"weiht"
"ausharren"
"lautende"
"weiteren"
"gesteigert"
"zusammenbringt"
"reichweite"
"ermöglicht"
"ungewöhnliche"
"erläutern"
"begriffsschema"
"los"
"offenbare"
"ersteht"
"aufhält"
"sohlen"
"boden"
"verlagshauses"
"tlärende"
"zurückgezogen"
"geschicihtlich"
"tragend-auf-ragend"
"heilige"
"bemühen"
"samt"
"hängt"
"ankommende"
"erklärung"
"triftig"
"unscheinbaren"
"allerweltsbegriffe"
"standhaftigkeit"
"befördert"
"aufenthalt"
"freigeben"
"einräumen"
"anfangen"
"wesenheit"
"säulenhalle"
"keinesfalls"
"schicksal"
"gezeigt"
"unbestreitbar"
"adaequatio"
"ausdrücklich"
"hervorgebracht"
"angehen"
"mitgeteilt"
"hervorragt"
"massigen"
"einbildungstraft"
"durchund"
"flüchten"
"gang"
"genießen"
"poetisch"
"begegnenlassen"
"gedachte"
"stoffliche"
"tut"
"deckt"
"stück"
"entrükken"
"vermessen"
"selbe"
"rationale"
"geschenke"
"übrigbleibt"
"nachläßliche"
"verhaltenheit"
"ungegenständliche"
"erlebens"
"demzuvor"
"vorläufige"
"miteinander"
"unsagbare"
"größten"
"seinerseits"
"zugeordnet"
"bildkunst"
"zugeworfen"
"verschenkt"
"belegt"
"vielfältige"
"zurückgestellte"
"ausspricht"
"zurückbirgt"
"verfügbaren"
"anmessen"
"wald"
"unauffällig"
"örtliche"
"umkreist"
"verbergende"
"einförmiges"
"starre"
"geistes"
"umstände"
"ύπόστασις"
"allgemein"
"wechselnde"
"aufgezogenem"
"schief"
"enge"
"historie"
"ΰποκείμενον"
"rütteln"
"angeschaut"
"genannte"
"verwischen"
"τό"
"nennens"
"riirnmt"
"derselben"
"astronomische"
"klingende"
"zusammenwerfen"
"ausgerüstet"
"mißlang"
"bauen"
"tönende"
"stiftende"
"wartet"
"gesammelt"
"stufen"
"metaphysische"
"fängt"
"zubilligen"
"kohlen"
"rauh"
"fehl"
"überfließt"
"längsten"
"herausholen"
"oberleder"
"verweigerung"
"gefügt"
"actu"
"entschiedenes"
"trotz"
"sichverbergende"
"praktischer"
"edel"
"schleift"
"gegenstandsein"
"verstoß"
"außerhalb"
"heraufgeholt"
"gründenden"
"grille"
"n.n."
"hartes"
"biblischen"
"verschüttete"
"befreit"
"faßt"
"klaglose"
"einzubeziehen"
"pflegen"
"duldet"
"zumeist"
"stehender"
"verbürgt"
"stoffteile"
"ungezweifelt"
"sternen"
"chend"
"zustrebt"
"geschaffenwerden"
"auffassen"
"mitgegnet"
"kaum"
"entschweben"
"durchbildung"
"reißt"
"enden"
"lagerräumen"
"wahrheitsfrage"
"sichereignen"
"untrügliches"
"bekanntgegeben"
"gemeinsamen"
"ausbleibens"
"arbeit"
"austausch"
"verschleiert"
"nennende"
"ausgetretenen"
"folgenlose"
"herauskommt"
"fabrikware"
"verstand"
"ganzheit"
"eindruckskraft"
"aufriß"
"verweilen"
"ursprünglichkeit"
"umgehen"
"gewirttes"
"lichten"
"lichtende"
"rhein"
"wirken"
"wesende"
"rest"
"glücken"
"aufbehalten"
"gebundenes"
"geschehen-bringen"
"bergenden"
"bauer"
"diente"
"annahme"
"ausstehende"
"herausklingt"
"beruhte"
"aufzuheben"
"körpers"
"sachen"
"malers"
"entspringt"
"gemächte"
"heilten"
"vergangenes"
"wortlose"
"platz"
"schlange"
"mitgeführt"
"denjenigen"
"primitive"
"suchten"
"erspringen"
"unerklärtes"
"vernichtender"
"vorgestellter"
"denkender"
"bestimmende"
"sinnlich"
"waage"
"gebräuchlich"
"schickt"
"vergleichende"
"geprägten"
"felsentales"
"wache"
"genötigt"
"seihon"
"einiges"
"selbstverständliches"
"frag-würdigkeit"
"gerechnet"
"ungemäße"
"abgeleiteten"
"gehör"
"widergöttliche"
"aussagende"
"gegnerschaft"
"voll"
"große"
"vor-kommen"
"erlebnisse"
"tanz"
"ausgesagt"
"abzugs"
"aufsteht"
"stoßes"
"vorgibt"
"eingerichtet"
"erkannt"
"entgegenstehen"
"behalten"
"verfall"
"maßes"
"gewichen"
"stiftens"
"unnachgiebiger"
"genialen"
"universität"
"zukehrt"
"vorgegebene"
"täuschen"
"miteinandersein"
"vollen"
"anblick"
"gemalt"
"hinschwinden"
"maßlose"
"ersten"
"mühsal"
"kantisch-transzendental"
"stiftenden"
"davor"
"rang"
"geschenk"
"mitgegebenes"
"bezirkes"
"distel"
"gebrauchszeug"
"hölzerne"
"beiläufig"
"alten"
"derbgediegenen"
"grundzügen"
"gepflogene"
"todes"
"tönenden"
"unauffälliger"
"trifft"
"irgendwelcher"
"dunkeln"
"selbstgenügsames"
"verkoppelt"
"male"
"umschlossen"
"merklich"
"übereinkommt"
"mochte"
"echter"
"aufreißen"
"wairrheit"
"geläufigkeit"
"hinrei"
"beste"
"ansagen"
"eile"
"seiendheit"
"element"
"stunde"
"beherrschung"
"ackers"
"aufgehens"
"stumpf"
"geklärt"
"nägel"
"mitgeschaffen"
"untersteht"
"herauskommen"
"aufprägt"
"doppeltes"
"beantworten"
"hängen"
"heimatliche"
"stimmung"
"anfängerhafte"
"gesunden"
"verlieren"
"passende"
"entstehen"
"mühelose-unermüdliche"
"widerspiel"
"name"
"wesensfolge"
"vorherrschende"
"vorbereitimg"
"enthüllung"
"aufgesetzt"
"un-verborgenheit"
"unsichtbaren"
"empfangen"
"verständlich"
"verschließende"
"vorlage"
"wirtung"
"uber"
"kunstgeschichtsforschung"
"wirten"
"uberzeitliches"
"erlebt"
"schwarzwald"
"zusammengehörige"
"gebiet"
"vorbringen"
"abtehren"
"θέσις"
"verkoppelung"
"glänzend"
"vordem"
"übernehmen"
"selbstverständliche"
"τεχνί"
"überein"
"könners"
"wörtlicheren"
"erstaunen"
"versetzt"
"geschick"
"zittern"
"wirtungszusammenhänge"
"mediums"
"gleichursprüngliche"
"genaue"
"korns"
"museum"
"keimt"
"überhöhen"
"entsprechend"
"ausgesetzt"
"werdens"
"bodenlosigkeit"
"sprechen"
"verwehrens"
"zugehört"
"brach"
"leblose"
"sichaufgeben"
"maurer"
"sollten"
"angst"
"unterbringen"
"aufschluß"
"laut"
"künstlerischen"
"geheuren"
"unterstehen"
"scheinende"
"geschehenen"
"fragwürdiges"
"tastsinn"
"abwandlungen"
"verständig"
"ungefähres"
"vorbestimmung"
"hölderlin"
"sein-lassen"
"verfügt"
"geringste"
"plätzen"
"wesenseinheit"
"übergangen"
"begriffen"
"huld"
"soferna"
"marmorschale"
"beleg"
"geöffnetes"
"unbestreitbare"
"subiectum"
"hätte"
"verschlossenen"
"feldarbeit"
"unangetastete"
"markt"
"bedürfnis"
"größer"
"vorschnell"
"bildliche"
"eingebildeter"
"un-geheuer"
"ausschließlich"
"schriftlicher"
"lichtenden"
"tätigteit"
"besinnliche"
"feuchte"
"benennen"
"aufgeführten"
"selben"
"gestalten"
"unabzählbaren"
"unbekannt"
"bezogen"
"18"
"fall"
"erharrt"
"kritische"
"groben"
"hervorgebrachte"
"härter"
"übereinkommen"
"abgrund"
"redensarten"
"selbstverständlichen"
"verlegen"
"übertreibt"
"kunstrichter"
"akkerscholle"
"jeglichem"
"stellung"
"furchen"
"anzuzeigen"
"vergegenwärtigen"
"bedürfen"
"oberbau"
"dingcharakter"
"vergehen"
"beben"
"verläßlich"
"kunstrichtungen"
"durcihwaltet"
"schlichte"
"sicheinlassen"
"verschwinden"
"kartoffeln"
"unterscheidet"
"angemessen"
"schenkt"
"bangen"
"demselben"
"einsamkeit"
"angeht"
"baueinschuhe"
"seitdem"
"nichtseienden"
"aussetzt"
"künftig"
"vorherrschaft"
"feldes"
"inhalt"
"besonderes"
"scheinbegriffe"
"inständigteit"
"wolke"
"natürlichen"
"bedachte"
"herr"
"entrückung"
"wesensbau"
"fertiges"
"unerklärt"
"zögern"
"zuversicht"
"bestand"
"wesensgeschichtliche"
"weithin"
"wandert"
"geregelt"
"handwerkers"
"vielem"
"ansichhalten"
"gemeint"
"innige"
"tempelwerk"
"vernehmens"
"hervorgang"
"geformtsein"
"weitesten"
"ausmachen"
"verborgenes"
"zurückgebracht"
"felsgrund"
"bautunst"
"gefangen"
"lasten"
"jedesmalige"
"kluft"
"einzige"
"heben"
"gingen"
"alt"
"umtrieb"
"hertragen"
"eingeschaffen"
"völker"
"ganges"
"darf"
"erdhafte"
"beherrschbaren"
"andern"
"weihend-rühmenden"
"zusammengebracht"
"stammt"
"mannigfaltigen"
"käfer"
"anwest"
"dichtens"
"verwunderlich"
"merkwürdige"
"hervorgehen"
"falschheit"
"winter"
"·"
"wegrasenden"
"a"
"handgreifliche"
"ließ"
"ungeschmückter"
"vorige"
"tennzeichnen"
"einwirtt"
"unterfangen"
"angeführte"
"verschafft"
"qualität"
"klein"
"tönne"
"mißgeburt"
"ohr"
"zerlegen"
"kunstwerken"
"kennzeichen"
"mitteilung"
"auseinanderbersten"
"sprunges"
"staatgründende"
"ändert"
"fuge"
"schweifendes"
"maßgebend"
"reifenden"
"weltlos"
"sprachgebrauch"
"erzes"
"farbstoff"
"zerklüfteten"
"erreichen"
"denkt"
"begriffsgefüges"
"festgehalten"
"ungefähren"
"ausgrenzung"
"flut"
"artimg"
"eigenwüchsig"
"durchstimmt"
"eigentümlichen"
"zufälligen"
"vermieden"
"verständigung"
"aussagesatz"
"eingestellt"
"zumißt"
"zeitalter"
"neuen"
"descartes"
"sichverschließen"
"viele"
"mitgestaltet"
"vollbringen"
"menschenwesen"
"bedingung"
"schreibenden"
"verlassen"
"worden"
"mercedes"
"klang"
"senheit"
"rechnerische"
"gefüges"
"bewegnis"
"zufolge"
"ähnlicher"
"besonders"
"schrittes"
"morgendämmern"
"gewöhnlicher"
"bemerkt"
"dreimotorige"
"wand"
"sagbaren"
"vollzug"
"brauch"
"verborgenen"
"befunden"
"merkwürdigkeit"
"rational"
"entledigt"
"erinnern"
"langweilig"
"ausgiebige"
"tieferen"
"erschließung"
"entlang"
"selbstverständlichkeit"
"geringes"
"hineingelegt"
"unveränderliche"
"ausmacht"
"unerfahrenes"
"albrecht"
"massig"
"zeichen"
"vertrauter"
"schöpfungsgedanke"
"kenntnisse"
"beirrendes"
"beseitigt"
"kampfspiel"
"blatt"
"hinsichten"
"sinkenden"
"verfolgen"
"abschilderung"
"gute"
"unentborgen"
"gebildete"
"schule"
"vorgeführt"
"gèartete"
"abgenutzt"
"eintehr"
"verborgenste"
"klarer"
"begebenheiten"
"darstellung"
"rauhen"
"reißbrett"
"gedanken"
"weisenden"
"unentschiedene"
"einzelnen"
"besitzt"
"ausblick"
"sophokles"
"αλλο"
"eingelassen"
"kennerschaft"
"flüchtig"
"entfaltet"
"römisch-lateinische"
"empfindungsmannigfaltigkeit"
"geeigneter"
"abgefangen"
"ausbau"
"abmerken"
"versetzimg"
"vertrautere"
"rechte"
"hinaussteht"
"enthalten"
"wahrhaftig"
"hergestellte"
"willen"
"ausbricht"
"subjekt-objekt-beziehung"
"uberfluß"
"vernutzten"
"theologische"
"vernunft"
"irgendeiner"
"übernahme"
"empfängt"
"entwickelten"
"wesensgeschichte"
"rechnen"
"griechentum"
"adler-wagen"
"stille"
"jahrhunderte"
"unterschiede"
"schale"
"verbleib"
"ausgezeichneten"
"formgebung"
"wichtiger"
"jagdgewehr"
"getroffen"
"--"
"philosophische"
"entstehung"
"unverrückbar"
"schöpfen"
"ausgestattet"
"werthaft"
"vorliegende"
"betrachtet"
"ausgehen"
"durchschaubaren"
"welt-geschichte"
"reh"
"hüten"
"verfügbare"
"einleuchtend"
"hinweg"
"verbürgen"
"form-stoff-gefüge"
"bieten"
"kunstkenner"
"ersinnen"
"drängt"
"offenbarwerden"
"wirtlichen"
"stoffmasse"
"unscheinbare"
"missen"
"nächsthegende"
"entschiedensein"
"erwächst"
"unterscheiden"
"standbildes"
"begegnet"
"einrücken"
"unmaß"
"beispiel"
"besseren"
"συμβεβηκός"
"ästhetischen"
"notwendigem"
"geschmäcklerischen"
"zurückgeführt"
"haus"
"halbgedachte"
"begriffspaares"
"insichselbststehen"
"waltenden"
"kreist"
"erwirbt"
"eifrig"
"kerniges"
"bildwerk"
"liegen"
"aussehens"
"eitel"
"später"
"subjekts"
"schweigenden"
"grashalm"
"widerstehen"
"sonne"
"verschickt"
"befindlichen"
"zukehren"
"gewahrt"
"tragens"
"hervorzubringenden"
"weghören"
"ausbreitung"
"rückgewinnung"
"verbergenden"
"soli"
"noch-nicht"
"zurückgestellt"
"indes"
"zudringlichkeit"
"antreffen"
"erweist"
"sachlage"
"vertun"
"bezeugt"
"zähigkeit"
"rahmenvorstellung"
"anspruch"
"tonkunst"
"enthüllt"
"entkleidete"
"aussagen"
"befremdendes"
"hart"
"zufall"
"einzig"
"mehrmals"
"mißbraucht"
"verwurzelt"
"brachten"
"begonnen"
"verwahrt"
"b"
"redenden"
"uhr"
"gesagte"
"verdunkelt"
"übermäßige"
"wortlaut"
"decidierte"
"verstrickung"
"enthüllte"
"seinsbegriffes"
"steinerne"
"versagens"
"festgestelltsein"
"niederschlage"
"anblicke"
"wurfes"
"nachgesetzt"
"tür"
"entsprechende"
"reinen"
"darbietet"
"geschaffensems"
"anhäufung"
"freiheit"
"neigt"
"willtür"
"festgestellte"
"gewählt"
"gefüge"
"künsten"
"verrechnende"
"mißtrauen"
"nachlässigkeit"
"gleiche"
"frageschritten"
"himmels"
"gotthafte"
"stücken"
"zurückgehen"
"möglichen"
"angefallen"
"hernach"
"creatum"
"zweifeln"
"bewegte"
"sohle"
"sammelt"
"werkcharakter"
"angestammte"
"vernehmender"
"bauernschuheherum"
"aufzugehen"
"verrückung"
"unterbindet"
"erfüllen"
"hingewiesen"
"gesehen"
"zwiefaches"
"sieger"
"zusammengefügt"
"münchener"
"abfolge"
"zeige"
"überwundene"
"herauszurücken"
"abzählbaren"
"sichzurückhalten"
"obwohl"
"ursprüngliches"
"künstlern"
"begrenzt"
"beruhende"
"andrerseits"
"reicher"
"pfeifen"
"angesetzte"
"geglaubten"
"zugewiesen"
"vielberufene"
"beschränkt"
"ließen"
"übersteigerte"
"gewissen"
"toben"
"vorausgesetzt"
"verfälschen"
"übertreibende"
"möglichem"
"hineinhängen"
"übertreibungen"
"sicheinrichten"
"rolle"
"achten"
"alogische"
"heizer"
"nachdenklich"
"vorgetragen"
"wohnet"
"geltenden"
"gewaltsames"
"wesensraum"
"zehrt"
"auseinanderhalten"
"unheil"
"anschaut"
"bequemt"
"metalle"
"sichöffnende"
"hervorzubringendes"
"verdeckte"
"unerschöpfliche"
"forderung"
"stoffwahl"
"geräusch"
"stärke"
"handelt"
"aufbewahrt"
"auswahl"
"engen"
"verknüpfung"
"ursprünglichen"
"gewähren"
"grundlegenden"
"volle"
"walten"
"hut"
"zukunftlos"
"bedenten"
"jahrhunderten"
"streitraumes"
"hinübertragen"
"gedichte"
"hilft"
"substantia"
"festes"
"kunstwertes"
"gebrauches"
"verhüllten"
"zunichtsgedrängtsein"
"entscheidbar"
"eignet"
"leitende"
"glaube"
"spiegelbild"
"dingbaues"
"zustände"
"machens"
"holt"
"lautet"
"gewichtgebende"
"verhangenbleiben"
"eigentliche"
"fecit"
"hinweisen"
"zeugnis"
"durchwaltet"
"freies"
"vertraute"
"zugemutetes"
"sichverschließens"
"unterzubringen"
"befreiten"
"innerste"
"anwesens"
"allgemeinbegriff"
"finsternis"
"unwirtliche"
"dank"
"zeugcharakters"
"darstellenden"
"absage"
"beginn"
"schrankenlose"
"wann"
"abspielt"
"hartnäckigsten"
"davon"
"langsamen"
"dargeboten"
"echtes"
"reichlich"
"fortschritts"
"lehrer"
"überfallen"
"theorie"
"mitverpackt"
"einheitlich"
"aufschlägt"
"anfangs"
"mädchen"
"hinein"
"erschütterung"
"bildhauer"
"sich-zurückstellen"
"knecht"
"bauwerkes"
"starrt"
"ύποκείμενον"
"wagen"
"bringende"
"kultur"
"grundverhältnissen"
"betreten"
"unbestimmter"
"kommenden"
"entblößung"
"voraussetzen"
"voneinander"
"befürchtet"
"aufhellung"
"glaubt"
"gegründete"
"erscheinung"
"bahn"
"factum"
"benennungen"
"bezeichnen"
"bemerken"
"grundzüge"
"rührt"
"inwendigen"
"meyers"
"aufgegebenes"
"όμοίωσις"
"αϊσθησις"
"erörterung"
"wissenschaftlichen"
"lichtete"
"tempel-werk"
"in-sich-aufragend"
"beiher"
"spürt"
"vereinzelte"
"standort"
"verdeutlicht"
"zwingen"
"schmach"
"geborgenheit"
"farbig"
"dürer"
"zugehören"
"zittert"
"vorhang"
"irren"
"form-stoff"
"zurückzieht"
"kam"
"stoffverteilung"
"alsbald"
"abgesetzt"
"störung"
"unbekannten"
"angemerkt"
"zurückstellen"
"wohnhäusern"
"verbindlich"
"gewirtte"
"gehalt"
"gerüst"
"inneres"
"letztenmal"
"ubersichhinausgehens"
"anwendet"
"zuschaffende"
"umgeht"
"versuche"
"nachkommenden"
"accidens"
"eröffneten"
"geleitet"
"abzuleiten"
"beruft"
"umschließt"
"auszeichnet"
"werthafte"
"möglichst"
"geschehen1"
"tlar"
"brache"
"frag-würdiges"
"bastschuhe"
"mußten"
"ermessen"
"reich"
"fehler"
"anwesendem"
"hader"
"satzbaues"
"einleuchtende"
"verweilens"
"ägineten"
"verbaut"
"erstlich"
"ereignis"
"bloßer"
"vergessenheit"
"glücklich"
"stier"
"gebaut"
"befremdlichen"
"lautlicher"
"erspringt"
"kenntlich"
"verhaltens"
"leistet"
"undurchlässiges"
"εργον"
"erfragt"
"gemeinte"
"antigone"
"selbständig"
"idee"
"landläufigen"
"aufsteigt"
"bestätigt"
"wogen"
"müdigkeit"
"dingerfassung"
"widerstandsloser"
"hervor-bringen"
"fragwürdig"
"putzfrau"
"hinzu"
"selbstherrlichen"
"befremdende"
"kern"
"feldzugs"
"abglanz"
"blanke"
"wirrnis"
"rund"
"gleich-giltige"
"grundsätzen"
"vorgegeben"
"leistete"
"hatte"
"hervorbringens"
"öffentliche"
"behütendes"
"irrationale"
"produktion"
"nötige"
"fällen"
"angedeutet"
"gedanke"
"hinsicht"
"müßte"
"hervorzubringende"
"tausale"
"gebrachte"
"gedichtet"
"geschlossen"
"schön"
"luft"
"akustische"
"geborgene"
"richten"
"versetzungen"
"glut"
"aristoteles"
"offenes"
"streitbar"
"kommende"
"behüteten"
"nennkraft"
"wind"
"behaupten"
"abendländisch"
"übernommen"
"sinkt"
"2"
"vernutzung"
"geübt"
"lichtender"
"unumgängliche"
"abziehen"
"vereinigung"
"anblitzt"
"unförmig"
"hervorbringt"
"ihmweg"
"tonwerk"
"pflanzen"
"begriffes"
"entsprungen"
"angaben"
"sichert"
"einheimisch"
"öffnende"
"entscheidende"
"merkwürdiges"
"befremdlicher"
"fort"
"einnimmt"
"größtmögliche"
"knechtschaft"
"merkwürdigen"
"folgend"
"fernhalten"
"berufen"
"schielen"
"planeten"
"willkürlich"
"glänzt"
"berlin"
"müßten"
"bodens"
"formung"
"unverborgene"
"ausgabe"
"vorauswirft"
"herbstwind"
"insichruhens"
"m"
"bevorsteht"
"soviel"
"begründen"
"räumlich"
"aussagesatzes"
"moderne"
"handlicher"
"verwirrend"
"helligkeit"
"bestreitens"
"scheingold"
"her-vor-bringen"
"rundfunkgerät"
"unseienden"
"widerlegt"
"wörtlichen"
"materia"
"aufsichberuhens"
"produkt"
"besagt"
"bemühimg"
"beweist"
"vorblick"
"bibel"
"einzigkeit"
"entnommen"
"habicht"
"unvermittelbaren"
"anzuvertrauen"
"wesensumgrenzung"
"festgestellt-sein"
"gericht"
"falle"
"relativ"
"nachtrag"
"einnehmender"
"kunst-werk"
"übereinstimmung"
"frühzeitig"
"enthoben"
"ähnlichen"
"baumstämme"
"geltung"
"aufrriß"
"zusammengehen"
"aufzusuchen"
"umdeutung"
"verbauen"
"wacker"
"ausschließlicher"
"kreisgang"
"abschätzigen"
"sicht"
"leitet"
"verläßt"
"wechselnden"
"sichtbare"
"mannigfachen"
"leuchtender"
"hauptschritt"
"dazugehörigen"
"gesammelten"
"mißlingt"
"ausgemalt"
"zerschellen"
"anbringen"
"gleichgültiges"
"geworfenheit"
"schwerste"
"entstandenen"
"subjektives"
"verkannt"
"dasc"
"ungedachten"
"ίδέα"
"nachzufragen"
"geschaffensehl"
"kunsthandel"
"est"
"schenken"
"ziehende"
"setzenden"
"dingbegriffen"
"abspielen"
"wechselweisen"
"formalen"
"fern"
"gewinnt"
"dinglichkeit"
"hervorkommt"
"ursprungs"
"ungeheure"
"nachahmung"
"teiner"
"versucht"
"winterlichen"
"ruhte"
"räumt"
"ganzes"
"hineinragen"
"gerichtet"
"eigentümliches"
"zuwerfenden"
"erzeugen"
"geschaffenes"
"zwietracht"
"vereinzeltes"
"insichruhende"
"vermissen"
"kessel"
"ausschluß"
"gleicht"
"beteiligt"
"belassen"
"gewaltsamkeit"
"gedachten"
"langehin"
"leugnen"
"einbildens"
"bietet"
"zugunsten"
"unerschließbare"
"ruhende"
"hervorgestellt"
"sooft"
"seiheinen"
"subjektivismus"
"hymnen"
"meerflut"
"erwiesen"
"feldweg"
"ΰποκεΐμενον"
"verhüllt"
"neigung"
"rahmen"
"fernhaltung"
"zuteilt"
"heutigen"
"verbrauchen"
"abhängt"
"triftiges"
"gleichgültigkeit"
"reißfeder"
"fernzuhalten"
"verschlossenes"
"ένέργεια"
"zeuggebrauches"
"urpoesie"
"sicher"
"ratlos"
"entlehnte"
"schimmern"
"verwundern"
"hülfe"
"draußen"
"frühere"
"ortsveränderung"
"angesagt"
"f."
"behauptet"
"angefertigtsein"
"angezeigte"
"wurden"
"güterbestätterei"
"kunsttheorie"
"sichzugehörens"
"kennt"
"vermeintlich"
"beirren"
"dastehenden"
"farbigen"
"oft"
"geraten"
"tragenden-sichverschließenden"
"beil"
"sichversteifen"
"stoffliches"
"anfanges"
"fest-stellung"
"beheimatet"
"notwendig"
"besondere"
"gestellte"
"hoffen"
"weltzerfall"
"notwendige"
"verstellt"
"eröffnende"
"zerschlagen"
"abstrakt"
"verstärkt"
"ernennt"
"unerschlossene"
"aufruht"
"öffnenden"
"vorenthaltene"
"fußbekleidung"
"bereitstellung"
"unterlage"
"vorbeikommt"
"strengen"
"vorgeprägt"
"beirrung"
"vereinzelt"
"einleitende"
"darzustellen"
"erfahrenes"
"strom"
"gehenlassen"
"entborgenen"
"ableiten"
"töpfers"
"bilden"
"artung"
"aufreihung"
